Model,MAE,RMSE,R2,MAPE
Linear Regression,14.11331048438321,40.55899138647851,0.8913951792672772,45.22742578104667
Random Forest,4.270415185910628,14.581983299951345,0.985961910623659,6.956536484638902
XGBoost,4.9614507445158855,14.965360391801532,0.985214052160708,9.682186152784253
LightGBM,5.034614136659613,15.435239014826228,0.9842709849524554,10.027534928465297
