abc_class,SKUs,Revenue,Net_Profit,Orders,Revenue_Share,Net_Margin_Pct
A,1322,54900380.85,-1029927.39,83115,69.85431981391072,-1.875993160801543
B,1769,15744028.24,-583364.47,28346,20.032436329377518,-3.705306298408926
C,4104,7948269.21,-548526.36,17514,10.113243856711778,-6.901205098965186
