acquisition_channel,Revenue,Net_Profit,Orders,Avg_CAC,Net_Margin_Pct,Revenue_Per_Order
Organic_Search,21604279.0,2586136.99,41926,185.8113819586891,11.970485059927249,515.2954968277442
Social_or_Direct,3191285.51,455143.95,6906,188.86707211120765,14.26208806995774,462.1033174051549
Enterprise_Sales,591220.79,-10087.79,871,407.10907003444316,-1.706264422805565,678.7839150401837
Credit_Card_Offer,20871925.0,-2577705.2,32081,233.73601196970168,-12.35010762064352,650.6008229169913
Promotional_Campaign,32333968.0,-2615306.17,47191,234.69553516560362,-8.08841701705154,685.172342183891
