acquisition_channel,Revenue,Net_Profit,Orders,Avg_CAC,Revenue_Per_Order,Profit_Per_Order
Organic_Search,21604279.0,2586136.99,41926,185.8113819586891,515.2954968277442,61.683370462243005
Social_or_Direct,3191285.51,455143.95,6906,188.86707211120765,462.1033174051549,65.90558210251955
Enterprise_Sales,591220.79,-10087.79,871,407.10907003444316,678.7839150401837,-11.581848450057405
Credit_Card_Offer,20871925.0,-2577705.2,32081,233.73601196970168,650.6008229169913,-80.34990181104081
Promotional_Campaign,32333968.0,-2615306.17,47191,234.69553516560362,685.172342183891,-55.419596321332456
