courier_partner,Shipments,Total_Shipping_Cost,Avg_Shipping_Cost,Avg_Delay_Prob,Return_Rate,Net_Profit,Cost_Per_Shipment
Amazon Logistics,62743,1540794.04,24.557226144749215,0.071950655850055,0.12089252984396666,51.460000000011206,24.557226144749215
Blue Dart,26955,663612.99,24.61929104062326,0.12229493600445186,0.12115266184381376,-22962.539999999997,24.61929104062326
Ekart,3985,126494.2,31.742584692597237,0.12378168130489335,0.19650188205771646,-204971.1,31.742584692597237
Xpressbees,3921,125075.93,31.89898750318796,0.12361897475133894,0.19576128538638105,-209344.79,31.89898750318796
DTDC,3976,127261.61,32.00744718309859,0.12202213279678069,0.20069919517102616,-223336.18,32.00744718309859
Delhivery,27395,873442.36,31.8832765103121,0.12274721664537323,0.20020441686439133,-1501255.07,31.8832765103121
