customer_segment,Revenue,Net_Profit,Orders,Avg_CLV,Avg_CAC,Avg_Loyalty,Net_Margin_Pct,CLV_CAC_Ratio
Potential_Loyal,5174590.76,-239482.55,8350,2478.8458730538923,213.94910179640718,49.025988023952095,-4.628048112542913,11.586147603520901
Loyal,5431122.5,-270809.1,8825,6300.650005665722,213.63399433427762,49.036203966005665,-4.986245476878858,29.492731366558463
At_Risk,12618514.15,-273639.06,19641,770.9493987067868,269.27208390611474,9.399363576192657,-2.168552150809293,2.8630869844479996
Champion,55368450.89,-1377887.51,92159,574134.8362408447,206.84545188207338,54.682909970811316,-2.4885787625473514,2775.670584085021
