month,Revenue,Net_Profit,Net_Margin_Pct
2022-04,28838708.32,-1118635.1199999999,-3.8789362810130177
2022-05,26226476.75,-651581.75,-2.484442558606352
2022-06,23425809.38,-388569.28,-1.6587229653279116
