customer_type,Revenue,Net_Profit,Orders,Avg_Order_Value,Avg_CLV,Return_Prob,Net_Margin_Pct
New,12618514.15,-273639.06,19641,642.4578254671351,770.9493987067868,0.1278101929636984,-2.168552150809293
Repeat,65974164.15,-1888179.16,109334,603.4185536978433,484643.33119121223,0.14792955530758958,-2.861997850714718
