return_reason,Count,Total_Refund,Refurb_Cost,Disposal_Cost,Processing_Cost,Reverse_Logistics,Total_Return_Cost,Pct_of_Returns
size_mismatch,59302,6199315.39,91905.6,46849.98,124001.91,18538.82,6480611.7,54.87318522082705
color_mismatch,15602,1984178.99,26712.6,16138.81,39687.91,5168.7,2071887.01,14.436805433465036
quality_issue,19344,1693085.56,25171.68,15233.18,33867.64,5461.48,1772819.5399999998,17.899343949810774
change_of_mind,9756,785252.86,12059.28,5850.74,15707.69,2429.87,821300.44,9.027398654588186
style_not_as_expected,3908,571751.06,9118.32,1560.02,11434.58,1649.6100000000001,595513.59,3.6161412404807947
wrong_item,159,15869.51,304.20000000000005,325.66,317.5,53.9,16870.770000000004,0.14712550082815928
