velocity_class,Revenue,Net_Profit,Orders,Return_Rate,Dead_Stock,Net_Margin_Pct
Fast,5152983.33,-212616.41999999998,7512,0.1663325346112886,0.0,-4.126083986380759
Medium,29461280.9,-699711.61,49259,0.14004445888061065,0.0,-2.3750210059604027
Slow,43978414.07,-1249490.19,72204,0.14592141709600576,0.11707107639465958,-2.8411442668469102
