warehouse_zone,Orders,Revenue,Net_Profit,Avg_Turnover,Total_Handling_Cost,Total_Holding_Cost,Avg_Stockout_Prob,Dead_Stock_Rate,Total_Inventory_Cost,Net_Margin_Pct
tier3,6654,4142982.01,-260273.62,23.503651558500227,146982.0,46979.39,0.3722871205290051,0.06807935076645627,193961.39,-6.282277339649853
tier1,79818,47831858.99,-660707.07,23.5549393844418,1762772.0,538774.79,0.353116999924829,0.06657646144979829,2301546.79,-1.381311711380758
tier2,42503,26617837.3,-1240837.53,23.580132331818504,938278.0,301619.45,0.3508022210196927,0.06319553913841376,1239897.45,-4.661676739604986
